{
  "map_file": "C:\\Users\\SeanCombs\\Desktop\\Black Hawk Rescue Mission\\npc-commands.txt",
  "camera": {
    "position": [
      -3864.3954061575087,
      1275.5119267282337,
      321.2168693857044
    ],
    "focal": [
      -4092.0001220703125,
      1047.9072108154296,
      93.61215347290039
    ],
    "up": [
      0.0,
      0.0,
      1.0
    ]
  },
  "selection": [],
  "orientation_marker": {
    "visible": true,
    "offset": [
      0,
      0,
      0
    ]
  }
}